date,open,high,low,close,volume
2016-01-04,129.8264,130.1202,128.0357,129.0183,5719507
2016-01-05,129.4683,130.1202,128.348,129.5417,3356951
2016-01-06,127.4848,127.9623,126.0431,127.4848,4254056
2016-01-07,125.235,125.5013,121.6813,122.1404,7013671
2016-01-08,122.774,124.0596,119.1927,119.3672,5776933
2016-01-11,120.1569,120.2946,118.3846,119.5692,5551464
2016-01-12,120.8272,121.369,119.0458,121.1395,4171513
2016-01-13,121.8557,122.021,117.3102,117.65,5073095
2016-01-14,118.9999,119.4406,115.5324,118.6417,6517753
2016-01-15,115.5196,116.7455,114.335,115.3635,6678391
2016-01-19,116.6766,116.8235,114.886,115.7583,5478911
2016-01-20,113.8667,114.7299,110.0283,112.1587,7636593
2016-01-21,112.7372,115.6849,111.6077,113.3157,5546240
2016-01-22,114.2524,115.4094,113.2423,114.4268,5259941
2016-01-25,114.4177,115.0054,113.3157,113.8759,4551572
2016-01-26,114.7666,117.6775,114.3258,117.549,5432566
2016-01-27,110.1017,110.2946,105.6205,107.0531,27945885
2016-01-28,107.5306,108.3846,105.6573,108.3662,10708445
2016-01-29,108.4856,110.3589,108.3754,110.3129,9195721
2016-02-01,109.863,112.2964,108.9539,111.6261,6812827
2016-02-02,109.9089,110.4507,107.7785,107.9162,8646673
2016-02-03,109.0916,112.1495,107.5765,111.9108,7361854
2016-02-04,111.222,114.7023,111.222,113.5086,5836971
2016-02-05,113.5269,114.0228,111.1394,112.5444,6186691
2016-02-08,110.8088,111.4149,107.6683,109.7069,6453599
2016-02-09,108.3386,110.1752,107.829,109.1651,4137630
2016-02-10,109.508,110.7128,107.7564,107.8398,4888570
2016-02-11,104.8927,105.0966,94.624,100.4997,33735576
2016-02-12,97.4228,101.7972,97.3116,100.6758,12973383
2016-02-16,101.6953,104.5034,101.0187,104.3551,7587694
2016-02-17,105.6804,108.2754,105.6434,107.8213,6619560
2016-02-18,108.3495,109.5729,108.1364,108.9612,6489039
2016-02-19,108.7203,108.7388,106.0419,106.7277,6920644
2016-02-22,108.0159,110.2587,107.534,108.7944,4930290
2016-02-23,108.4052,109.8231,107.4413,108.3403,3762341
2016-02-24,106.9223,107.4691,104.2717,107.1262,6859285
2016-02-25,107.8305,108.989,107.3023,108.2661,4667100
2016-02-26,109.128,110.7036,108.8963,109.508,3757794
2016-02-29,109.4709,110.7175,108.8963,109.5266,4569734
2016-03-01,110.2958,112.1286,109.5914,111.1762,4595376
2016-03-02,110.8704,111.9084,109.8231,110.8889,4292475
2016-03-03,110.1382,110.9631,109.5914,110.8518,3404550
2016-03-04,111.3708,113.28,111.0743,112.2049,4421538
2016-03-07,111.9547,114.2902,111.7415,113.9009,4504749
2016-03-08,113.0483,113.9658,112.4274,113.3912,5257279
2016-03-09,113.419,114.2346,113.0946,113.8639,3380259
2016-03-10,114.1234,114.7564,112.5386,113.938,4111343
2016-03-11,115.0409,116.3106,114.7906,115.5043,3260192
2016-03-14,114.8555,117.7007,114.7906,117.0891,4283351
2016-03-15,116.3569,117.1169,115.115,117.1076,3717494
2016-03-16,116.9964,118.748,116.5423,118.229,5154713
2016-03-17,118.6924,121.9639,118.09,121.1298,5800939
2016-03-18,121.6303,124.8184,121.4171,124.1511,9108420
2016-03-21,123.6877,126.7646,123.6228,125.912,5671395
2016-03-22,125.2447,126.1344,124.9111,125.2262,4989023
2016-03-23,125.1057,125.1149,123.0204,123.1316,4361178
2016-03-24,121.9732,122.5478,120.5089,122.4458,4573148
2016-03-28,122.8258,122.9089,120.9917,121.6766,3352222
2016-03-29,120.3235,121.343,118.7943,121.2966,4910240
2016-03-30,121.8527,123.0112,118.646,119.165,5948968
2016-03-31,118.7109,118.9797,116.0789,117.6451,8758273
2016-04-01,116.9871,117.7841,115.9491,117.6637,5327979
2016-04-04,117.2744,118.602,116.6627,117.0891,5036477
2016-04-05,116.913,119.1743,116.3847,117.7285,4660147
2016-04-06,117.849,118.6646,116.5423,118.5626,3998029
2016-04-07,117.7007,119.4987,117.2929,117.7007,4596320
2016-04-08,118.6646,120.4996,118.2661,118.5163,3939827
2016-04-11,118.8592,120.3884,118.3309,118.5441,3611717
2016-04-12,118.2753,120.8332,117.4042,119.9899,4239155
2016-04-13,120.9352,121.8712,120.305,121.5376,3514790
2016-04-14,121.8712,122.2882,120.9722,121.2688,4527589
2016-04-15,121.3615,121.9638,121.1113,121.5283,5008698
2016-04-18,121.0742,122.5663,120.7776,122.3068,3056130
2016-04-19,122.8629,124.0492,122.5292,122.9648,2931033
2016-04-20,119.1372,121.7415,119.0816,121.0093,6799035
2016-04-21,121.3893,122.9277,120.7591,121.1669,4799625
2016-04-22,121.4912,122.1771,120.9444,121.4542,3858140
2016-04-25,120.8981,121.4078,119.8416,121.1761,4600056
2016-04-26,121.6395,123.5116,121.4634,123.4838,6103385
2016-04-27,123.4467,127.7933,122.2836,127.0426,6930830
2016-04-28,126.3105,127.6358,124.6516,124.9296,4938833
2016-04-29,124.5774,125.3281,123.0853,124.9296,3716685
2016-05-02,124.5403,125.1149,123.473,124.1974,3703832
2016-05-03,122.9834,123.5487,121.8342,122.7887,4028700
2016-05-04,121.9546,122.6219,120.9722,121.3059,3340540
2016-05-05,122.0844,122.9277,121.519,122.4088,4199192
2016-05-06,122.4366,123.8453,122.1122,123.5024,2466030
2016-05-09,123.076,124.0121,122.1678,122.4273,3431065
2016-05-10,123.4282,125.3374,123.068,124.8638,3382661
2016-05-11,125.032,126.1346,124.219,124.2751,3284133
2016-05-12,124.733,126.1813,124.733,125.6019,4591261
2016-05-13,124.9666,126.0878,123.2566,123.4528,3965859
2016-05-16,122.995,125.5926,122.9202,125.3403,3165440
2016-05-17,124.8544,125.6674,123.3033,123.864,4031994
2016-05-18,123.7612,124.4433,121.7916,122.397,4060391
2016-05-19,121.6962,121.8737,118.7481,119.6779,5061552
2016-05-20,120.659,120.7711,118.8665,119.0331,3297732
2016-05-23,119.0425,119.9862,117.6222,119.2107,3977742
2016-05-24,119.3788,120.356,118.0333,119.1359,5102368
2016-05-25,119.6031,121.2663,119.0144,120.4067,4656798
2016-05-26,120.0516,121.3752,119.9007,120.8272,2586274
2016-05-27,120.5001,121.1916,120.3787,120.7431,3043697
2016-05-31,121.3598,121.4532,117.7717,117.8745,6894401
2016-06-01,117.7343,118.2015,116.5943,118.1174,4679640
2016-06-02,118.3417,118.6967,117.099,118.5285,4802106
2016-06-03,118.1268,119.2107,117.6876,119.0238,5485569
2016-06-06,119.2293,123.4155,119.0892,123.2473,6996226
2016-06-07,123.7238,124.6395,123.1725,123.2753,4423983
2016-06-08,123.8266,124.7703,123.3781,124.2751,3883726
2016-06-09,123.4341,125.0413,123.266,124.3685,3811169
2016-06-10,123.1164,123.4528,121.8176,122.5371,3828593
2016-06-13,122.2101,122.8828,121.3598,121.3972,3645025
2016-06-14,121.1262,122.0324,120.0703,121.9391,3716959
2016-06-15,122.2942,123.1211,121.4439,121.6214,3324752
2016-06-16,120.8365,121.3691,118.5753,120.8832,4066106
2016-06-17,121.3131,121.4626,120.36,121.3037,6739624
2016-06-20,122.7427,125.1161,122.6025,124.0415,4331887
2016-06-21,124.4526,124.5367,122.8595,122.8922,2841092
2016-06-22,123.4341,124.4246,122.9483,123.1258,2641444
2016-06-23,125.1254,125.7234,124.0228,124.789,4113903
2016-06-24,119.7339,120.9019,117.9305,118.2202,9707256
2016-06-27,117.4353,117.5007,114.3237,114.6508,6251280
2016-06-28,116.3327,116.5757,114.6508,115.7627,4438083
2016-06-29,117.2578,118.963,116.015,118.6594,4916718
2016-06-30,118.7435,121.3504,118.7435,121.3504,4110845
2016-07-01,121.0421,121.7896,120.687,121.1822,3247946
2016-07-05,120.0049,120.5375,118.323,118.6407,4829391
2016-07-06,118.9023,118.9584,115.8281,118.6313,3981674
2016-07-07,118.594,119.762,117.9773,118.8276,3050067
2016-07-08,120.1637,121.9017,119.2854,121.556,3597822
2016-07-11,122.2568,124.5087,122.2194,123.3781,3929870
2016-07-12,124.0882,124.2751,121.7803,122.2288,4318419
2016-07-13,122.6679,122.7707,120.8832,121.5747,3061397
2016-07-14,122.995,123.2636,121.6588,122.9202,3984053
2016-07-15,123.1538,124.0415,122.8268,123.7051,2944890
2016-07-18,123.6958,125.1067,123.294,124.6769,3338403
2016-07-19,124.191,126.7699,124.1172,125.8262,3390031
2016-07-20,125.7234,126.3121,125.2469,125.8823,2669692
2016-07-21,125.9196,126.1252,124.3031,124.7703,2853738
2016-07-22,123.1071,124.733,122.0045,124.7143,4844935
2016-07-25,124.4433,124.5569,123.6958,124.219,3078599
2016-07-26,124.1817,126.1159,123.8172,126.0037,4667327
2016-07-27,127.2091,130.302,126.8073,127.0409,5661668
2016-07-28,126.5177,126.9475,123.8546,124.2844,5142388
2016-07-29,124.3218,125.0226,123.621,124.8918,3559058
2016-08-01,124.4713,125.4244,123.9948,124.4713,3067258
2016-08-02,124.2284,124.6489,122.7333,122.9669,3156760
2016-08-03,123.1258,123.7603,122.9856,123.2192,2359275
2016-08-04,123.3407,123.8546,122.3643,122.6025,3009006
2016-08-05,123.5369,123.7518,122.4156,123.0884,3120136
2016-08-08,123.4715,124.2284,123.1071,123.5182,2443769
2016-08-09,124.0228,124.2658,123.5556,123.92,3013939
2016-08-10,124.4571,125.8043,124.0896,124.6266,2642249
2016-08-11,125.1637,125.8326,124.6455,125.305,2275674
2016-08-12,125.2108,126.0399,124.9564,125.3992,2522553
2016-08-15,125.9645,127.1893,125.8232,126.8689,2812634
2016-08-16,126.3884,127.3871,125.6818,127.1893,2759206
2016-08-17,127.0479,127.1798,126.3517,126.9255,2854630
2016-08-18,126.9255,128.0937,126.7465,127.1893,2030826
2016-08-19,126.7182,127.1893,126.0964,126.6617,1922645
2016-08-22,126.5298,127.8205,126.0964,127.1798,2520722
2016-08-23,127.4908,128.48,125.9093,126.379,3481863
2016-08-24,126.2565,126.8595,125.3709,125.5782,2135910
2016-08-25,125.5876,125.5876,124.7585,125.2861,1921352
2016-08-26,125.7761,126.3225,124.1933,124.5795,1973740
2016-08-29,125.0412,125.8514,124.6643,125.2108,2380035
2016-08-30,125.484,125.7195,123.1192,123.2417,3437290
2016-08-31,123.2605,123.2605,121.6683,121.9604,3639176
2016-09-01,122.5068,122.5068,120.9334,122.3843,2807237
2016-09-02,123.3171,124.3252,123.025,123.5714,2631047
2016-09-06,124.0142,125.2956,123.6751,125.2956,4151796
2016-09-07,124.8151,125.3804,124.3628,124.9658,2198686
2016-09-08,124.6643,125.2202,123.9012,125.2108,2618307
2016-09-09,124.3063,124.3063,121.0842,121.0936,4892944
2016-09-12,119.5372,123.1192,119.002,122.5916,6381112
2016-09-13,121.7437,122.4974,120.8392,121.3103,4552399
2016-09-14,121.4516,121.8285,119.9725,120.2834,3955402
2016-09-15,120.1891,121.0277,119.5915,120.3776,3476794
2016-09-16,120.321,120.321,119.0303,119.3695,8035616
2016-09-19,120.1232,120.8769,119.9065,120.1044,3168098
2016-09-20,120.5472,121.0653,120.1891,120.3964,2639279
2016-09-21,120.7639,123.0721,120.7639,123.0062,3227758
2016-09-22,123.8447,124.8151,123.5809,124.2404,3253143
2016-09-23,123.6562,124.6333,123.4301,124.1556,2330720
2016-09-26,123.4866,123.9671,122.8837,123.0156,2219885
2016-09-27,122.7518,124.1179,122.3467,123.7222,1939020
2016-09-28,123.9766,124.702,123.0344,124.5795,1772965
2016-09-29,124.1744,125.0977,123.1192,123.449,2199395
2016-09-30,124.4476,124.9564,123.6752,124.1179,3118877
2016-10-03,123.6845,125.0412,123.1757,124.7209,2439410
2016-10-04,125.0883,125.5229,124.0708,124.5984,2829188
2016-10-05,125.239,127.0951,124.881,126.8689,3137532
2016-10-06,127.0291,127.1893,125.9456,126.6428,3614860
2016-10-07,126.1812,126.8689,124.8716,126.1058,4302031
2016-10-10,126.802,128.9511,126.802,127.9807,3343271
2016-10-11,127.1327,127.8393,125.5594,126.0022,3607330
2016-10-12,126.021,126.5109,125.305,125.4557,2264188
2016-10-13,124.7585,126.1812,123.7881,125.663,3544190
2016-10-14,126.7747,127.4248,125.7572,125.7761,2317429
2016-10-17,125.7761,127.5473,125.6159,126.2471,2435134
2016-10-18,127.2175,127.8865,127.1092,127.2835,2271047
2016-10-19,127.585,129.0264,127.5002,128.301,2265864
2016-10-20,128.056,128.838,127.5379,127.9807,2539711
2016-10-21,126.9255,128.3104,126.4827,127.7828,2205772
2016-10-24,128.5177,130.8448,128.5177,129.4975,3814247
2016-10-25,129.5729,131.3535,129.4033,130.9767,5209103
2016-10-26,130.4208,137.7318,128.8098,137.1195,13272044
2016-10-27,137.3927,137.7695,133.577,135.0185,7857081
2016-10-28,135.4048,135.6686,133.9487,134.7358,4636070
2016-10-31,134.7735,135.0562,133.9256,134.1894,3075889
2016-11-01,134.6793,135.5743,133.6053,134.1705,3245017
2016-11-02,133.7843,134.6039,132.4558,132.6066,2782065
2016-11-03,132.616,132.7432,131.2876,131.9188,2280825
2016-11-04,131.0615,132.7008,130.773,131.4666,2951457
2016-11-07,133.3132,134.8206,133.3038,134.7547,3228202
2016-11-08,134.7357,136.0554,134.1399,135.0015,2823805
2016-11-09,134.4319,138.4668,134.375,137.7452,5494382
2016-11-10,139.0934,141.7801,138.9794,140.2136,6508251
2016-11-11,139.6725,141.0776,139.1408,141.0016,3585163
2016-11-14,140.7073,142.4921,140.7073,142.3972,4490877
2016-11-15,140.9257,141.8845,139.7389,140.6124,3856601
2016-11-16,139.8434,140.8972,138.7421,139.0269,3559655
2016-11-17,139.3972,139.6725,137.6598,137.9731,3656124
2016-11-18,137.8307,139.1788,137.1471,138.9415,2214419
2016-11-21,139.7579,140.9731,139.1029,139.5775,2825906
2016-11-22,140.413,142.1788,140.394,141.951,3770004
2016-11-23,142.0364,143.1757,141.4858,142.1599,3071074
2016-11-25,142.4067,142.5491,141.4858,142.4447,962387
2016-11-28,141.4573,142.4921,140.807,142.1883,4728764
2016-11-29,142.2453,144.4099,141.5617,143.9637,3945635
2016-11-30,143.9162,145.3308,142.9383,142.9383,3990972
2016-12-01,143.1092,144.9605,142.7769,144.6757,2843930
2016-12-02,144.7327,144.7706,143.47,144.5428,2105577
2016-12-05,145.4827,145.9669,144.163,144.4573,2855946
2016-12-06,143.2042,144.913,142.4257,144.5333,3476254
2016-12-07,143.9922,146.4985,143.4226,146.3371,2955753
2016-12-08,146.7738,148.0745,146.3371,147.5238,2928370
2016-12-09,147.7707,148.9337,147.5523,148.5682,2707872
2016-12-12,148.103,150.0017,146.489,149.2042,4247679
2016-12-13,151.046,151.9669,147.0397,148.7295,5650374
2016-12-14,148.3213,148.4542,146.3751,146.6504,3640207
2016-12-15,146.1377,147.3814,145.3118,145.9858,2889324
2016-12-16,146.0903,148.103,145.3877,146.6789,5888293
2016-12-19,147.3055,149.1473,147.22,148.2738,3002782
2016-12-20,149.0144,149.8973,148.0555,148.4732,2270137
2016-12-21,148.7564,150.4764,148.7201,149.508,2326366
2016-12-22,150.4764,150.9416,148.3403,149.4891,3958475
2016-12-23,150.258,150.258,148.5871,149.8213,2135828
2016-12-27,150.391,150.4574,148.9669,149.508,1858667
2016-12-28,149.1663,149.3846,148.1125,148.1979,1810430
2016-12-29,148.103,148.815,147.3055,147.8087,1803955
2016-12-30,148.5682,148.853,147.1156,147.7992,2028432
2017-01-03,148.3878,149.1852,147.3529,149.0239,3426113
2017-01-04,149.8213,151.1694,149.8213,150.5903,3189810
2017-01-05,150.391,151.6157,149.433,150.6758,2795984
2017-01-06,150.9321,151.5777,149.8973,151.046,2426662
2017-01-09,150.9511,151.1789,150.1631,150.3055,2839400
2017-01-10,150.9131,151.8435,150.5429,151.0175,2988302
2017-01-11,151.4638,151.6157,150.2675,151.3308,2416487
2017-01-12,151.0935,151.103,148.739,150.277,3020486
2017-01-13,150.7043,151.5017,150.3245,150.7897,2435391
2017-01-17,150.1916,150.9891,149.2707,149.6884,2758788
2017-01-18,149.5745,150.9986,148.815,150.3055,2087283
2017-01-19,150.8277,151.7771,149.9163,150.9511,3143963
2017-01-20,151.7201,152.1853,150.2201,151.4543,3384525
2017-01-23,150.8941,151.4258,149.3277,149.8498,3931185
2017-01-24,150.5524,152.7834,149.8498,152.4226,3927536
2017-01-25,155.3087,160.1126,154.9765,158.8879,7480039
2017-01-26,158.7835,161.3942,158.7835,160.5588,5436834
2017-01-27,160.6442,161.2044,158.5556,159.2107,4883229
2017-01-30,157.5208,157.5872,155.5271,157.1885,5456316
2017-01-31,156.6094,156.7423,154.9575,155.1473,5350680
2017-02-01,155.9353,157.4164,154.8625,155.6695,3138026
2017-02-02,154.9575,155.6695,152.679,154.0461,3791669
2017-02-03,154.7391,155.2803,154.0935,154.179,2981662
2017-02-06,154.198,155.7739,154.16,155.679,3110494
2017-02-07,156.6474,158.9448,156.5263,158.0714,4243239
2017-02-08,157.9949,158.2247,156.7405,156.8554,3041595
2017-02-09,157.6789,158.0772,157.0948,157.3055,3451132
2017-02-10,158.2343,159.3833,157.4874,159.1727,2689719
2017-02-13,159.3833,161.8921,159.2876,160.8963,3765027
2017-02-14,160.5803,161.6336,160.1206,161.3463,2580278
2017-02-15,161.2697,162.7347,161.2027,162.1123,4033198
2017-02-16,162.4379,163.5582,161.5857,163.5582,3070147
2017-02-17,163.1752,165.8946,163.1656,165.3776,4982894
2017-02-21,166.5362,168.6907,166.3064,168.1066,4231706
2017-02-22,167.5512,168.2885,166.6224,167.9151,2832136
2017-02-23,168.4992,169.4854,168.2406,169.3514,3502645
2017-02-24,169.2461,171.209,168.6236,169.9068,4197152
2017-02-27,170.443,172.2469,170.0121,171.8123,2892626
2017-02-28,172.6836,174.2061,172.0421,172.5783,4785145
2017-03-01,174.1295,176.9543,174.1008,176.1021,5461751
2017-03-02,176.1883,177.8257,175.202,175.2211,4909023
2017-03-03,175.269,175.7861,173.7465,174.4455,3940363
2017-03-06,173.6986,174.5604,172.7698,173.2486,4244029
2017-03-07,172.9709,175.0775,172.9526,174.2923,2451990
2017-03-08,174.6562,174.9377,173.7848,174.0242,2321738
2017-03-09,173.7274,174.8381,171.9559,172.9039,3100466
2017-03-10,174.1774,174.2444,170.3664,171.1133,4595621
2017-03-13,169.6386,171.5825,169.5525,171.4484,3499021
2017-03-14,170.9601,172.0612,170.1653,171.142,2346666
2017-03-15,171.4005,171.6303,170.4143,171.1228,3569047
2017-03-16,172.1856,172.3581,170.0983,170.6249,3100744
2017-03-17,170.7398,172.7253,170.6058,172.4538,5037385
2017-03-20,172.4538,172.5017,171.5346,171.774,2062211
2017-03-21,172.3485,172.5975,168.0491,168.4896,3239579
2017-03-22,168.4896,169.5812,168.0491,169.4663,2505738
2017-03-23,169.811,170.2994,169.0928,169.7344,2006383
2017-03-24,169.3418,169.9929,167.3489,168.3555,2386809
2017-03-27,166.9671,168.9492,166.3734,168.6236,2750685
2017-03-28,168.8056,170.1394,167.5703,169.8302,2412559
2017-03-29,169.8685,170.4334,169.4567,170.0887,1640601
2017-03-30,169.7248,170.9122,169.6961,170.4238,1737221
2017-03-31,170.4621,170.6153,169.3035,169.3514,2032749
2017-04-03,169.562,170.1844,168.0491,169.1503,2934818
2017-04-04,169.3705,171.1994,169.2556,171.1133,2326494
2017-04-05,171.4005,172.5304,169.3801,169.562,2567212
2017-04-06,170.0217,170.6536,169.6003,169.8397,2343873
2017-04-07,170.8164,171.4867,169.7344,171.2569,2806779
2017-04-10,171.4005,172.3293,169.9451,170.0217,2309273
2017-04-11,169.9642,171.0175,169.4471,170.9888,2266280
2017-04-12,170.6824,170.6824,168.4704,168.5758,2922725
2017-04-13,168.2789,169.3705,168.1103,168.164,2024086
2017-04-17,168.3747,171.4771,168.1928,171.4197,2450222
2017-04-18,171.0079,172.3293,169.6003,170.2994,2960165
2017-04-19,170.893,172.2623,170.5962,170.826,2124533
2017-04-20,171.1516,172.1857,170.7743,171.6878,2335176
2017-04-21,171.8027,173.2486,171.8027,172.7219,3146556
2017-04-24,174.0338,174.7136,173.8997,174.3306,3141913
2017-04-25,174.7807,176.0446,174.7807,175.7191,3735370
2017-04-26,174.57,175.2307,172.4634,173.9955,4471593
2017-04-27,174.8381,175.9584,174.8381,175.4414,3129075
2017-04-28,175.6329,177.0788,175.2499,176.983,2181592
2017-05-01,176.4085,176.6527,174.0817,174.6466,3516749
2017-05-02,174.7902,176.1021,174.7807,175.652,1979787
2017-05-03,175.6616,175.9489,174.5125,175.6041,2983245
2017-05-04,175.5467,176.4276,174.4455,175.2977,2289326
2017-05-05,175.3839,177.2128,175.3839,177.1554,2636917
2017-05-08,177.5097,178.4768,177.1458,178.1225,1963569
2017-05-09,178.2087,179.2572,178.1512,178.9747,3003956
2017-05-10,178.637,179.129,171.9214,176.7458,7060056
2017-05-11,176.4756,177.8554,175.7713,177.4791,2883815
2017-05-12,177.2572,177.5177,176.2151,176.8133,3479223
2017-05-15,176.8616,177.6431,175.8774,175.9836,3364967
2017-05-16,176.3116,176.7169,175.6458,176.2827,2156147
2017-05-17,175.0187,175.1441,172.4039,172.5004,2535741
2017-05-18,172.2109,172.2302,169.3076,171.1688,3118075
2017-05-19,171.4872,175.0476,170.561,174.4108,4038909
2017-05-22,177.3247,178.8106,176.109,177.2186,2946750
2017-05-23,177.537,177.9808,176.437,177.0449,2123758
2017-05-24,177.016,178.8878,177.016,178.7431,2425330
2017-05-25,179.1097,180.8369,179.0712,180.4992,2363329
2017-05-26,180.1711,181.0154,179.7273,180.036,1735778
2017-05-30,180.2001,180.8369,179.6501,180.3158,2231571
2017-05-31,180.7886,181.6474,180.1615,181.0395,5186677
2017-06-01,180.8272,181.3097,178.0484,180.7404,2870243
2017-06-02,181.2228,184.9665,181.0587,183.5482,3034272
2017-06-05,183.3938,184.0403,182.178,182.3131,2522113
2017-06-06,181.7921,182.2263,180.1277,180.1904,2724995
2017-06-07,180.2869,181.9175,179.8456,181.493,2383954
2017-06-08,181.493,184.3587,181.107,183.2587,2340325
2017-06-09,183.3262,184.2815,182.6026,183.3552,3344896
2017-06-12,183.6157,183.8376,181.4447,183.3262,2730111
2017-06-13,183.3745,184.8315,182.6991,184.378,1882684
2017-06-14,184.3394,186.5875,184.1165,185.6227,2210039
2017-06-15,184.706,188.6813,184.6481,188.5848,2894081
2017-06-16,189.1251,190.997,188.9322,189.54,6939081
2017-06-19,190.9295,192.4636,190.0804,192.0873,2726416
2017-06-20,191.7689,194.1714,191.3444,191.3637,3077408
2017-06-21,192.5698,192.6952,190.6207,192.1742,3151125
2017-06-22,192.2513,193.3696,192.1838,192.4347,3339255
2017-06-23,192.261,195.2425,191.7014,195.1267,4310050
2017-06-26,195.6477,197.2108,192.9171,192.9557,3077632
2017-06-27,192.782,193.8627,191.904,191.904,2296887
2017-06-28,192.4926,193.8916,192.2996,192.6083,2096774
2017-06-29,192.6083,192.7386,189.5497,190.5242,2428873
2017-06-30,191.5277,192.4347,190.4568,190.804,2225564
2017-07-03,191.1128,192.4347,190.804,191.6145,1511163
2017-07-05,192.2996,195.0398,191.875,194.7214,2716674
2017-07-06,194.5574,195.3775,193.7276,194.403,2737400
2017-07-07,195.1363,196.1398,194.1907,195.2618,3090441
2017-07-10,195.2135,197.3941,195.0881,196.7959,2701928
2017-07-11,196.8345,199.4011,196.8345,199.0248,2815790
2017-07-12,199.6809,201.2826,199.073,199.1888,2817350
2017-07-13,199.5361,199.7291,198.1371,198.9862,1943575
2017-07-14,199.5341,201.3984,199.4783,201.1861,3229034
2017-07-17,201.3984,202.3536,201.2343,201.6589,2415956
2017-07-18,201.765,201.8422,200.2405,200.9256,1943144
2017-07-19,202.0738,203.5211,201.6492,203.4728,2258363
2017-07-20,203.6851,203.8298,202.5455,202.8939,2235082
2017-07-21,202.6141,204.7478,202.0545,204.6886,2098402
2017-07-24,204.5535,205.171,203.9746,204.7272,2392741
2017-07-25,205.7306,206.4832,204.5053,204.9973,2889035
2017-07-26,215.6303,225.7615,215.1864,225.2501,14139955
2017-07-27,228.8008,234.1559,228.3859,232.5349,10860578
2017-07-28,232.3612,233.4998,230.1709,232.7954,4602406
2017-07-31,233.355,237.832,233.3261,233.9436,5777271
2017-08-01,234.8313,235.4208,230.7547,231.0297,5018396
2017-08-02,230.663,233.0752,229.5245,229.592,5119876
2017-08-03,228.7333,231.1744,227.7491,229.8815,5112697
2017-08-04,230.1999,231.3095,228.0772,229.3604,5590535
2017-08-07,229.2543,232.9498,228.878,231.7919,3674677
2017-08-08,231.4832,232.0717,230.5376,231.0876,4871451
2017-08-09,231.0196,231.6893,227.2244,227.4283,5680369
2017-08-10,227.1565,229.2239,225.0988,226.0403,6817655
2017-08-11,225.9238,228.4863,224.1573,227.9815,3461663
2017-08-14,229.0784,230.5052,228.7969,230.1849,2953549
2017-08-15,230.2431,232.6017,229.0784,232.1455,2851082
2017-08-16,232.66,233.2035,230.4372,230.6119,3012660
2017-08-17,230.4081,230.6217,228.3407,228.6707,2810933
2017-08-18,228.098,230.2916,227.6772,228.8454,2939494
2017-08-21,228.8454,229.981,227.4671,228.758,2545355
2017-08-22,229.2239,232.8444,229.1754,232.7085,2915687
2017-08-23,232.33,232.33,230.2237,231.0973,2518274
2017-08-24,231.5146,231.8835,229.651,231.7282,2553084
2017-08-25,231.9805,232.0679,228.6804,228.9619,2270276
2017-08-28,229.2822,230.5777,227.7204,230.214,2394983
2017-08-29,230.2431,234.0868,229.1463,233.4268,3535465
2017-08-30,233.9121,234.3489,231.9805,233.3977,2801097
2017-08-31,233.9218,234.0189,231.4079,232.6212,3075798
2017-09-01,232.6212,235.4069,232.1455,233.2715,3271270
2017-09-05,233.2424,233.3006,229.2919,230.0393,3869251
2017-09-06,230.5537,230.8705,227.4574,227.7292,4252704
2017-09-07,227.8554,229.5928,227.4089,229.3695,2994514
2017-09-08,228.826,232.3591,228.3018,231.767,3404151
2017-09-11,232.4659,234.7468,232.2814,233.5238,3628146
2017-09-12,233.5238,234.6084,231.932,233.5141,2702732
2017-09-13,232.9512,236.329,230.1266,234.8245,4529090
2017-09-14,235.8631,238.3964,235.3777,238.0276,4995155
2017-09-15,240.095,242.6089,238.9788,241.6868,9033301
2017-09-18,242.6283,246.3337,241.5995,245.647,5192959
2017-09-19,245.647,247.6756,244.2406,245.0452,4124716
2017-09-20,245.8217,249.1533,244.8414,247.9571,3853153
2017-09-21,248.6074,249.4422,246.9514,248.5201,2809374
2017-09-22,248.7821,251.6843,248.6074,248.918,3475566
2017-09-25,249.4228,249.4228,244.1134,246.8506,3479166
2017-09-26,247.1224,248.9471,246.0935,246.2488,2173606
2017-09-27,247.7727,251.1699,246.5118,247.7824,3840114
2017-09-28,246.6468,248.2871,243.7931,246.8021,2586076
2017-09-29,246.3944,247.763,245.1724,246.7438,2531131
2017-10-02,247.1709,248.4715,246.0839,248.4715,2685053
2017-10-03,248.4715,250.6749,247.2097,247.9571,3163415
2017-10-04,248.5977,249.5781,246.6079,248.2483,3030983
2017-10-05,247.7824,251.3834,247.2971,251.2864,3940198
2017-10-06,250.4225,251.2978,249.5101,250.9855,2736358
2017-10-09,251.3931,251.3931,249.5586,250.8011,2146782
2017-10-10,252.1114,253.3926,249.646,253.2664,2740651
2017-10-11,253.645,253.9653,251.4125,253.7615,2890344
2017-10-12,253.2859,255.2562,252.3638,254.2177,2577900
2017-10-13,255.1786,256.0425,253.082,253.082,2243903
2017-10-16,253.8197,254.305,252.0629,252.1211,1818869
2017-10-17,248.9569,251.4417,248.7336,251.0243,2515865
2017-10-18,250.8787,253.0723,249.1219,252.4026,2051651
2017-10-19,251.3737,251.4902,248.5104,251.432,2589203
2017-10-20,252.7132,257.0492,251.8202,256.9743,3955922
2017-10-23,257.3431,258.1681,254.4409,254.6156,3302395
2017-10-24,255.5086,259.362,255.5086,258.1875,4401597
2017-10-25,257.0034,258.1875,247.0253,250.8108,7318222
2017-10-26,252.092,253.7615,249.7528,251.6552,3419137
2017-10-27,250.6749,251.8779,248.2871,248.9277,2899168
2017-10-30,247.9474,252.7617,247.8309,251.6358,3025919
2017-10-31,251.7231,252.2958,249.9081,250.4031,2742775
2017-11-01,250.704,251.7911,248.7142,250.9078,2929490
2017-11-02,250.7234,255.5086,250.4225,254.9165,2529912
2017-11-03,254.7127,256.0425,252.4414,254.0624,2610784
2017-11-06,254.9068,258.0322,254.8221,256.3142,2911598
2017-11-07,256.3142,259.43,256.3142,258.3137,3205378
2017-11-08,258.3234,259.76,257.4984,257.7702,2841807
2017-11-09,258.6094,260.3074,253.2936,256.3552,3215203
2017-11-10,255.7794,256.16,253.3301,254.5499,1740621
2017-11-13,255.3501,256.9993,254.1986,256.082,2604867
2017-11-14,255.6721,256.0624,253.9156,255.4379,2358169
2017-11-15,255.1061,258.3752,253.8668,256.5113,2510533
2017-11-16,257.3896,258.6387,256.9797,257.331,2710174
2017-11-17,256.4723,257.3701,255.7014,255.9258,1724790
2017-11-20,256.648,259.2036,256.4137,258.2386,2447398
2017-11-21,259.8097,260.5513,258.3166,260.5416,2267052
2017-11-22,260.5513,261.0197,258.141,258.746,1471390
2017-11-24,258.8534,260.1317,258.1414,259.4584,788957
2017-11-27,258.9705,260.3952,258.3264,259.1656,1772196
2017-11-28,260.5513,261.5369,258.8241,261.5174,2262052
2017-11-29,262.9714,263.1673,259.7219,262.7958,3029095
2017-11-30,263.3911,270.3489,262.9227,270.1146,4820313
2017-12-01,270.8075,271.998,264.0644,264.8256,4592483
2017-12-04,269.4901,275.0232,269.334,271.2564,5523013
2017-12-05,272.2713,272.6909,268.2215,268.8851,2806075
2017-12-06,268.2313,272.3981,267.3868,271.5491,2538083
2017-12-07,271.7638,277.9117,271.0905,275.1598,4264354
2017-12-08,278.1264,280.3806,276.7114,278.9949,4440528
2017-12-11,279.2974,279.5706,273.1398,276.321,4065242
2017-12-12,281.2003,285.7282,280.7709,282.9373,5517550
2017-12-13,283.4838,288.7045,282.7031,284.7914,5003328
2017-12-14,285.5721,289.6511,285.533,286.7821,3913444
2017-12-15,288.8997,290.1878,285.9429,286.8407,6933490
2017-12-18,287.9531,289.9634,287.4067,288.9875,2901644
2017-12-19,289.1925,290.3928,287.0758,290.0707,2728367
2017-12-20,291.6614,292.1005,289.9341,290.705,2533689
2017-12-21,290.8417,291.1785,287.0262,287.9044,5398275
2017-12-22,288.0068,289.3584,285.9331,287.9727,2257350
2017-12-26,288.402,290.2561,287.5335,288.2264,1394737
2017-12-27,289.251,289.6316,287.6799,288.4801,1447837
2017-12-28,288.6655,289.817,287.6214,289.1925,1436751
2017-12-29,289.7682,290.1195,287.7092,287.7873,1824591
2018-01-02,288.607,289.817,288.2615,289.6706,2978918
2018-01-03,288.7924,291.2905,288.3337,290.6075,3211195
2018-01-04,290.7441,291.2125,288.3337,289.5047,4171720
2018-01-05,289.6023,301.4296,289.5535,301.3808,6177731
2018-01-08,301.2052,303.352,298.3654,302.6592,4124862
2018-01-09,303.0885,312.1834,302.991,310.7392,5641298
2018-01-10,309.8219,314.3693,307.88,312.525,4479288
2018-01-11,314.3498,320.4684,313.4325,320.1952,4635344
2018-01-12,322.4006,328.7436,322.4006,328.0898,6559284
2018-01-16,331.6906,339.3315,323.3276,327.0651,12305475
2018-01-17,329.5731,343.7228,328.2849,342.5323,9699917
2018-01-18,342.2298,342.3567,330.9588,331.9444,9458634
2018-01-19,333.4179,335.6916,327.6409,329.5731,7264401
2018-01-22,327.192,333.1361,324.0205,329.8365,6792870
2018-01-23,330.1683,330.7538,326.7236,327.4847,4537784
2018-01-24,328.08,330.8026,326.0698,326.6065,4205351
2018-01-25,328.0898,335.3159,327.2017,334.8231,4747478
2018-01-26,336.0136,337.6238,333.008,334.9305,5236260
2018-01-29,332.9885,336.16,331.8858,332.5884,3324878
2018-01-30,330.9783,331.7687,326.0893,329.5535,4983055
2018-01-31,351.7931,352.2518,343.1276,345.8112,11409626
2018-02-01,344.4255,352.7202,343.5374,348.3191,6067581
2018-02-02,345.4501,346.6201,340.2781,340.483,5486074
2018-02-05,334.3937,341.5467,309.7243,320.9368,10511290
2018-02-06,312.2713,333.4179,309.978,332.6762,11935140
2018-02-07,332.2957,345.05,331.6614,339.7121,7946670
2018-02-08,341.2713,342.252,323.031,323.2859,8295905
2018-02-09,327.1007,331.2784,313.0772,326.3946,8832974
2018-02-12,330.0623,341.0262,328.6502,337.1525,6885010
2018-02-13,333.8673,341.1536,333.7104,336.5249,4030233
2018-02-14,334.7401,340.7124,334.5734,338.1822,4340180
2018-02-15,341.7322,349.656,341.3204,349.5678,5827488
2018-02-16,349.6952,352.549,346.6749,348.1752,5211615
2018-02-20,345.194,350.872,344.6056,346.5179,4303395
2018-02-21,345.7432,353.8336,344.9488,345.5568,5258555
2018-02-22,347.7928,351.1466,345.8216,349.0382,3414299
2018-02-23,351.2545,351.8331,346.2402,349.7639,3355378
2018-02-26,352.549,357.011,351.2862,356.452,4148132
2018-02-27,357.5504,362.7381,356.2755,357.5896,4774134
2018-02-28,359.7078,364.415,355.2066,355.2066,5472898
2018-03-01,355.3243,355.7263,339.7023,342.9287,8977971
2018-03-02,335.2108,339.3983,328.8169,338.0057,10021332
2018-03-05,331.4647,347.9104,330.1016,345.9295,8140161
2018-03-06,347.3907,348.3419,339.3315,342.1735,4888282
2018-03-07,334.9166,341.6727,332.9357,340.3299,4575690
2018-03-08,342.7521,345.6843,337.2996,341.9872,4319915
2018-03-09,345.8314,348.0281,343.4582,347.6653,3538348
2018-03-12,348.3321,348.3615,336.623,337.535,6088821
2018-03-13,338.6432,341.1537,331.0822,332.1217,5443789
2018-03-14,333.2217,333.9399,316.0682,323.8743,13057904
2018-03-15,325.8749,326.4829,316.6665,323.5998,8766002
2018-03-16,323.4428,324.4333,319.3339,324.0803,9328976
2018-03-19,321.1187,326.885,320.4616,325.3453,6328878
2018-03-20,325.4238,333.1318,324.6,331.1018,6500507
2018-03-21,330.5527,335.2991,328.6894,330.5821,4056304
2018-03-22,323.7272,326.2475,312.8419,313.4303,7282165
2018-03-23,313.9598,324.7373,312.1668,314.7934,7237471
2018-03-26,324.0901,325.5218,317.3333,322.6093,5392886
2018-03-27,325.1002,328.405,312.8321,314.9111,5355543
2018-03-28,315.6269,316.9901,305.1534,313.8323,5634676
2018-03-29,317.1274,324.0901,315.774,321.5404,3652078
2018-04-02,318.9122,323.5624,311.0374,316.2055,5024944
2018-04-03,318.4807,324.6981,316.843,324.4235,4783125
2018-04-04,306.2616,321.4717,305.8497,321.1089,8235741
2018-04-05,324.198,332.406,323.8743,329.8956,6219981
2018-04-06,324.2176,328.1206,315.98,319.8144,5713613
2018-04-09,325.8259,328.405,315.8231,316.2448,4931728
2018-04-10,324.9433,330.18,323.1781,328.356,5618139
2018-04-11,325.1884,331.043,320.0007,321.0304,4573530
2018-04-12,325.5611,331.8079,324.0705,330.9547,4325027
2018-04-13,332.4355,333.1024,320.2851,322.9133,4733463
2018-04-16,325.9141,326.7771,321.2903,325.3551,3901401
2018-04-17,328.2579,333.171,327.1988,330.2094,3381788
2018-04-18,331.7883,335.7796,330.6605,334.4067,3117476
2018-04-19,333.6123,335.7894,330.9744,334.0536,3006774
2018-04-20,334.1419,334.7949,328.5717,332.1217,3038031
2018-04-23,332.9847,334.6617,329.5034,332.2884,2765647
2018-04-24,336.5347,340.9477,317.0293,322.6975,7051820
2018-04-25,331.5824,338.2411,324.1294,336.2307,11019860
2018-04-26,337.3585,338.9668,331.7883,336.1621,5273622
2018-04-27,334.6518,336.2896,331.2391,334.289,3390364
2018-04-30,334.5734,335.9561,326.9536,327.1105,3721638
2018-05-01,326.071,327.4538,317.9119,323.1683,4313094
2018-05-02,323.129,324.3156,317.7158,317.9217,3436125
2018-05-03,316.7253,326.2032,312.9546,324.296,6383211
2018-05-04,321.6973,329.3955,321.6973,327.9637,3655069
2018-05-07,328.7482,336.3484,328.7286,333.8477,4192224
2018-05-08,333.2005,335.3275,330.1016,331.8275,4014096
2018-05-09,332.9259,340.222,332.0286,337.839,4347023
2018-05-10,339.0218,343.5356,337.4646,339.1006,3920357
2018-05-11,338.8049,340.4262,336.1257,337.5139,2332170
2018-05-14,339.0316,342.7176,338.9232,339.6131,2520267
2018-05-15,338.0461,338.8838,335.3503,337.1788,3009053
2018-05-16,337.0605,338.598,335.3851,336.0454,2230068
2018-05-17,335.5526,339.7905,335.3358,339.1696,2483301
2018-05-18,340.6085,346.9654,340.2044,346.1572,4327659
2018-05-21,353.2828,359.7283,353.2729,358.6639,6785369
2018-05-22,358.7428,359.5805,349.3997,349.8925,5389360
2018-05-23,347.192,354.4063,346.5416,354.0219,4497516
2018-05-24,353.2729,355.451,349.2519,353.815,3932085
2018-05-25,352.9477,355.3919,351.8931,354.8892,2463737
2018-05-29,352.5436,355.7565,345.5954,347.3891,4249593
2018-05-30,350.5134,353.7361,348.9882,353.0167,2825188
2018-05-31,351.6763,351.6763,346.5416,347.0738,4406277
2018-06-01,350.6513,352.9773,349.3406,351.5679,2657837
2018-06-04,353.7854,358.1371,353.6671,355.52,2950284
2018-06-05,355.2933,358.1219,353.6671,354.8991,2567758
2018-06-06,357.225,366.233,355.7762,366.1936,4488412
2018-06-07,366.6272,369.0714,360.7632,363.2073,4517844
2018-06-08,362.823,366.0556,360.1817,364.1633,3292875
2018-06-11,365.6417,367.9379,363.4734,365.5825,2468521
2018-06-12,365.8782,367.3418,362.6751,365.2672,2440354
2018-06-13,365.3164,365.6417,358.043,358.5949,3867642
2018-06-14,360.8617,362.3302,353.6445,357.1856,4039532
2018-06-15,352.9773,356.4366,348.3649,352.7112,9945956
2018-06-18,348.0889,352.4796,347.2807,349.6165,3363221
2018-06-19,342.1558,342.1558,333.6832,336.1932,6857338
2018-06-20,341.0027,341.9686,335.5428,337.7405,4539988
2018-06-21,336.2228,336.2228,331.3395,332.7832,4048336
2018-06-22,335.5132,336.0158,331.7385,334.0151,3298084
2018-06-25,327.7174,329.0282,322.8685,326.4165,5006203
2018-06-26,327.5893,329.5703,325.7069,326.5151,3112387
2018-06-27,330.0138,336.4889,324.9973,325.0564,4574889
2018-06-28,325.2338,332.6649,322.563,329.8167,3347973
2018-06-29,332.32,335.0894,330.5164,330.6642,3154812
2018-07-02,325.9139,331.4675,324.5636,331.226,2820817
2018-07-03,333.2957,334.7827,327.2049,328.1215,1464360
2018-07-05,331.295,332.4087,324.3468,328.3679,2427866
2018-07-06,328.0328,331.2457,325.6773,329.8068,2138162
2018-07-09,332.6255,338.0855,331.6498,336.9817,3128698
2018-07-10,337.8292,342.9739,337.8292,342.146,3278253
2018-07-11,336.7944,339.416,334.2911,335.6807,3056866
2018-07-12,340.2931,341.5941,337.7873,341.0323,2030678
2018-07-13,341.9883,346.1671,341.1999,345.7236,2281610
2018-07-16,348.8576,351.1934,347.261,350.9569,2889033
2018-07-17,352.4451,353.815,349.9122,351.7256,2730514
2018-07-18,353.815,356.6337,349.1472,355.0272,3090089
2018-07-19,352.5239,354.1993,350.129,350.198,2711744
2018-07-20,347.9411,351.834,347.9016,349.7742,1817836
2018-07-23,349.8728,349.8728,347.3004,348.1677,1943747
2018-07-24,351.5975,354.2782,349.518,353.0955,3181965
2018-07-25,346.443,351.154,340.51,350.7795,7353046
2018-07-26,350.2473,354.9977,350.1389,354.1304,3191189
2018-07-27,355.8452,359.275,354.2821,355.4412,2916341
2018-07-30,356.7618,357.2152,345.4082,345.9897,3080445
2018-07-31,349.2617,353.8372,348.9463,351.154,2728366
2018-08-01,348.9759,352.741,345.4377,347.6651,2718206
2018-08-02,343.5849,345.6644,341.0323,344.6789,2655906
2018-08-03,344.4522,345.9207,340.6775,343.4075,2285202
2018-08-06,342.353,342.353,338.1643,341.5645,3251105
2018-08-07,343.0231,347.0343,340.51,345.694,2267560
2018-08-08,345.4377,346.5416,341.2491,342.757,2334439
2018-08-09,342.7571,343.5197,339.8353,340.4296,2302126
2018-08-10,337.7356,337.7356,333.2292,336.1608,2745697
2018-08-13,336.349,338.8746,334.1106,335.1209,1877248
2018-08-14,335.8736,336.8937,334.388,335.8934,2017276
2018-08-15,333.348,333.9158,324.8898,328.5841,3798600
2018-08-16,335.8142,344.3913,335.0614,342.6679,5867939
2018-08-17,342.6877,345.1638,338.3992,343.0839,3069190
2018-08-20,345.2628,349.2345,343.7772,347.3824,3018615
2018-08-21,347.6399,351.0568,346.283,350.3834,2967175
2018-08-22,350.9281,352.4633,346.491,346.6792,2682942
2018-08-23,345.8076,346.9268,342.1557,344.1536,1833449
2018-08-24,345.4312,347.2734,344.7676,346.0354,1954540
2018-08-27,348.7392,351.6016,347.6498,350.3536,2279949
2018-08-28,351.6016,352.2751,347.2536,347.8479,2475095
2018-08-29,348.8878,348.9769,345.867,346.8376,1850054
2018-08-30,346.9961,347.5903,342.4402,343.5791,3257668
2018-08-31,341.7468,342.5392,338.31,339.5085,3462692
2018-09-04,338.3299,343.0047,336.0321,342.9353,2699402
2018-09-05,342.4599,343.9258,339.8749,343.3612,2959269
2018-09-06,344.2229,349.9674,343.2622,347.9073,3585876
2018-09-07,345.4807,346.6593,341.1625,345.9363,3921887
2018-09-10,346.1443,347.3923,338.4091,338.5874,3064126
2018-09-11,335.7647,343.3018,334.0809,341.9449,2731777
2018-09-12,341.6973,351.6412,341.3061,350.0268,4003834
2018-09-13,352.9486,356.9697,350.9083,352.0572,3166512
2018-09-14,353.0278,358.7921,352.691,356.3556,2835757
2018-09-17,355.8406,357.8413,351.146,352.5524,2554461
2018-09-18,353.8796,362.3081,352.691,360.0994,3003512
2018-09-19,360.0994,367.6762,359.7132,361.7237,4753410
2018-09-20,365.21,368.1714,362.1694,363.9423,4011062
2018-09-21,365.8637,368.9984,362.5458,368.6666,7144087
2018-09-24,367.4484,368.3326,363.8135,364.4672,2800161
2018-09-25,365.5468,366.9136,363.3679,363.7145,2969159
2018-09-26,363.9819,365.0319,360.8324,361.5356,2368637
2018-09-27,364.8733,365.4378,360.9116,363.873,2355918
2018-09-28,365.1011,370.6376,362.7142,368.3398,3600472
2018-10-01,371.5686,379.5415,371.4101,378.6303,4758417
2018-10-02,377.2041,384.8948,376.1345,382.6713,4622595
2018-10-03,385.1771,390.5056,382.9882,388.5445,4794263
2018-10-04,386.9994,387.3461,381.6016,386.2566,3822324
2018-10-05,385.2761,388.6336,379.3632,382.7703,2899663
2018-10-08,380.1655,383.0278,373.7376,382.077,3324019
2018-10-09,380.6904,383.117,377.4913,381.7502,2862707
2018-10-10,379.2939,380.1259,363.5758,363.9522,6033088
2018-10-11,359.9608,366.3094,351.7006,354.6818,6266751
2018-10-12,362.5062,363.6056,348.8878,356.6627,5509720
2018-10-15,356.0189,359.0793,352.0968,355.4444,2979835
2018-10-16,356.9994,365.0417,355.1176,364.7247,2822482
2018-10-17,364.4771,364.9723,359.2279,362.0011,2238186
2018-10-18,361.3276,364.2394,353.3447,355.9099,3254902
2018-10-19,356.3556,356.425,350.8142,352.8495,3491612
2018-10-22,354.4243,355.324,349.0859,352.5722,2263527
2018-10-23,346.1542,350.1773,339.5441,346.699,4389559
2018-10-24,358.1285,361.1097,348.3234,351.2549,8442563
2018-10-25,353.8796,360.9017,351.5719,360.2876,4003484
2018-10-26,357.247,359.8221,350.7307,355.8307,4073415
2018-10-29,357.0984,358.2473,325.484,332.3774,7461953
2018-10-30,327.1876,347.6894,326.6177,346.5603,5773971
2018-10-31,349.1354,359.9261,349.1354,351.4629,4175570
2018-11-01,354.0479,361.08,349.8188,359.5943,3760650
2018-11-02,363.457,367.9832,353.3447,354.3253,4029826
2018-11-05,356.316,359.8122,353.0674,358.5148,2253943
2018-11-06,358.9406,364.9129,358.6435,362.9618,2471898
2018-11-07,364.1206,369.2807,356.0585,368.4586,4015255
2018-11-08,367.4837,371.8319,363.7226,368.9165,2752001
2018-11-09,365.9912,369.1454,364.2898,367.4937,2590303
2018-11-12,368.3593,368.628,354.2104,355.2452,3088654
2018-11-13,347.8026,353.6035,340.3301,347.7628,4959999
2018-11-14,350.3299,354.0711,342.1709,342.9967,3445838
2018-11-15,339.4147,346.2404,334.8278,339.8625,4863046
2018-11-16,337.3053,338.4898,329.5045,334.2706,4425161
2018-11-19,333.8726,334.3601,315.6143,319.3356,6782767
2018-11-20,300.5898,320.5694,295.1272,316.1118,6875884
2018-11-21,323.445,325.2549,313.9875,315.7337,4401044
2018-11-23,313.4253,315.4153,310.312,310.7587,1599381
2018-11-26,313.9825,316.9974,309.107,314.7785,3362345
2018-11-27,313.7039,316.9675,309.4055,316.4402,2946391
2018-11-28,324.0917,332.3403,320.1217,331.8328,6117572
2018-11-29,334.2905,341.5142,332.39,340.8475,5331919
2018-11-30,340.2306,345.8424,335.8128,345.0265,5373981
2018-12-03,362.4888,367.1554,354.5885,358.1606,6569067
2018-12-04,355.2154,356.5288,340.0316,340.7878,5199096
2018-12-06,328.3404,331.9622,315.7138,330.2408,9297449
2018-12-07,330.6886,335.9223,319.7834,321.6042,4526264
2018-12-10,319.664,325.5643,313.9328,324.7186,4400518
2018-12-11,331.5841,332.8179,317.1584,320.4202,3566436
2018-12-12,325.7434,330.2408,323.037,325.0569,3424818
2018-12-13,326.7583,327.0966,322.5525,323.843,2247706
2018-12-14,320.8381,322.2908,313.9825,317.1566,3298436
2018-12-17,315.3258,325.5804,312.8681,314.5497,4968366
2018-12-18,323.833,330.4298,321.5843,326.42,5881140
2018-12-19,327.6837,331.8129,314.5198,317.9526,4871468
2018-12-20,315.4153,320.2122,306.4603,311.4851,5368592
2018-12-21,307.5449,313.3955,302.4903,303.0276,7641721
2018-12-24,299.1471,301.4853,292.6895,292.6895,3435304
2018-12-26,297.1172,312.5198,291.0083,312.3607,4843401
2018-12-27,307.4951,315.5546,300.7291,315.5546,4341113
2018-12-28,318.1416,319.9227,313.5746,314.7984,3725171
2018-12-31,318.8978,322.0221,317.1566,320.8878,3557691
2019-01-02,314.6094,322.3306,312.1418,322.1913,3292204
2019-01-03,317.8929,318.1416,307.8533,309.3458,5705567
2019-01-04,315.1069,326.7981,314.4999,325.4449,4448759
2019-01-07,328.8677,329.0369,321.7336,326.4698,4030280
2019-01-08,332.4398,339.5441,330.9871,338.8277,4736472
2019-01-09,341.2455,345.4643,339.1629,342.1112,4213870
2019-01-10,344.7778,351.6992,341.2853,350.8473,5358117
2019-01-11,346.8175,352.5886,346.3499,351.1359,3158852
2019-01-14,346.4593,351.0463,345.2753,348.6085,2476367
2019-01-15,350.2404,351.5488,346.2404,350.4792,2940908
2019-01-16,350.7379,353.2254,349.8026,350.3001,2731082
2019-01-17,348.9966,362.0112,348.9767,357.2949,4270365
2019-01-18,362.061,365.4794,359.5138,362.9067,4256505
2019-01-22,361.0461,362.3744,352.4592,356.1109,4336541
2019-01-23,360.1008,360.3889,351.902,356.8173,2924874
2019-01-24,357.1158,361.3645,355.1159,356.479,2801392
2019-01-25,360.6779,365.1057,358.5287,362.3794,3190425
2019-01-28,358.8471,361.3495,355.7129,361.1555,3128884
2019-01-29,361.255,365.9415,360.5983,363.0858,3202652
2019-01-30,385.4634,390.0095,378.5979,385.7818,12705305
2019-01-31,385.2246,387.0405,380.17,383.6923,6878455
2019-02-01,384.1798,390.8364,382.8031,385.4932,5625749
2019-02-04,387.0255,395.085,386.1798,395.0154,4256562
2019-02-05,398.7467,408.6967,397.5527,408.1295,7230380
2019-02-06,409.4529,411.811,403.6321,409.0549,5356025
2019-02-07,407.93,410.35,402.29,405.17,5211412
2019-02-08,400.0,404.96,397.8,404.91,4570946
2019-02-11,408.1,409.83,402.69,403.95,3046932
2019-02-12,407.0,411.21,405.395,410.72,3263321
2019-02-13,412.52,412.72,407.67,410.58,3078692
2019-02-14,408.93,412.22,407.8,409.82,2724260
2019-02-15,412.48,418.05,411.43,417.97,4017338
2019-02-19,415.5,417.94,414.54,416.26,3051459
2019-02-20,417.14,421.84,417.11,421.55,3990102
2019-02-21,421.58,422.4088,415.6766,417.58,2880474
2019-02-22,419.7,424.47,419.14,424.05,3132298
2019-02-25,427.49,429.92,426.52,426.87,3276050
2019-02-26,426.0,429.0,424.25,426.77,2503684
2019-02-27,427.17,436.33,427.15,435.44,4603847
2019-02-28,438.7,441.42,437.08,439.96,5063147
2019-03-01,446.01,446.01,440.19,440.62,5124178
2019-03-04,443.22,444.5,426.63,432.69,5971042
2019-03-05,431.04,433.85,428.6435,430.12,2844273
2019-03-06,429.7,432.0,422.08,424.46,4159385
2019-03-07,423.36,427.7,416.44,422.56,4893598
2019-03-08,416.77,423.4262,415.5,422.54,3794945
2019-03-11,371.27,402.67,365.55,400.01,34742186
2019-03-12,384.705,390.0,368.0,375.41,36922592
2019-03-13,378.43,381.77,363.33,377.14,32662252
2019-03-14,374.99,380.39,372.1,373.3,13514057
2019-03-15,370.88,385.71,366.45,378.99,26697712
